Searched,Title,Authors,Published,Type,Include?,Exclusion code,Database,Source
10/02/2018,A Spatiotemporal Model of Human Circadian Rhythm in Smart Homes.,Muhammad Raisul Alam,Oct 2011,Article,,,ResearchGate,https://www.researchgate.net/publication/220355877_A_Spatiotemporal_Model_of_Human_Circadian_Rhythm_in_Smart_Homes?_iepl%5BgeneralViewId%5D=YQZWEQPe4YAuAN1ntHw4KLcXcJGRwZ1Eztzq&_iepl%5Bcontexts%5D%5B0%5D=searchReact&_iepl%5BviewId%5D=IDlNl4Vyl3nQ7giYvShhPkj1dMkru0GibMJ3&_iepl%5BsearchType%5D=publication&_iepl%5Bdata%5D%5BcountMoreThan20%5D=1&_iepl%5Bdata%5D%5BinteractedWithPosition7%5D=1&_iepl%5Bdata%5D%5BwithoutEnrichment%5D=1&_iepl%5Bposition%5D=7&_iepl%5BrgKey%5D=PB%3A220355877&_iepl%5BtargetEntityId%5D=PB%3A220355877&_iepl%5BinteractionType%5D=publicationCTA
10/02/2018,"Learning, Prediction and Mediation of Context Uncertainty in Smart Pervasive Environments",Sajal K. Das,Nov 2008,Conference Paper,,,ResearchGate,https://www.researchgate.net/publication/220830474_Learning_Prediction_and_Mediation_of_Context_Uncertainty_in_Smart_Pervasive_Environments?_iepl%5BgeneralViewId%5D=YQZWEQPe4YAuAN1ntHw4KLcXcJGRwZ1Eztzq&_iepl%5Bcontexts%5D%5B0%5D=searchReact&_iepl%5BviewId%5D=IDlNl4Vyl3nQ7giYvShhPkj1dMkru0GibMJ3&_iepl%5BsearchType%5D=publication&_iepl%5Bdata%5D%5BcountMoreThan20%5D=1&_iepl%5Bdata%5D%5BinteractedWithPosition20plus%5D=1&_iepl%5Bdata%5D%5BwithoutEnrichment%5D=1&_iepl%5Bposition%5D=32&_iepl%5BrgKey%5D=PB%3A220830474&_iepl%5BtargetEntityId%5D=PB%3A220830474&_iepl%5BinteractionType%5D=publicationCTA
10/02/2018,Emergence of scaling in human-interest dynamics,Zhi-Dan Zhao,2013-07-30T03:32:29Z,-,,,arXiv,http://arxiv.org/abs/1307.7796v1
10/02/2018,"System Intelligence: Model, Bounds and Algorithms",Longbo Huang,2016-05-09T13:49:12Z,-,,,arXiv,http://arxiv.org/abs/1605.02585v1
10/02/2018,Impact of Biofield Energy Treated (The Trivedi Effect®) Herbomineral Formulation on the Immune Biomarkers and Blood Related Parameters of Female Sprague Dawley Rats,"Trivedi, Mahendra Kumar",2017-12-11,article,,,Zenodo,https://zenodo.org/record/1170590
10/02/2018,"Learning about End-User Development for Smart Homes by ""Eating Our Own
  Dog Food""",Joelle Coutaz,2015-10-05T07:05:27Z,-,,,arXiv,http://arxiv.org/abs/1510.01050v1
10/02/2018,A Multi-Purpose Scenario-based Simulator for Smart House Environments,Zahra Forootan Jahromi,2011-05-14T15:11:00Z,-,,,arXiv,http://arxiv.org/abs/1105.2902v1
10/02/2018,"Online Learning Algorithm for Time Series Forecasting Suitable for Low
  Cost Wireless Sensor Networks Nodes",Juan Pardo,2015-04-21T17:31:41Z,-,,,arXiv,http://arxiv.org/abs/1504.05517v1
10/02/2018,Using duration to learn activities of daily living in a smart home environment,Shuai Zhang,Apr 2010,Conference Paper,,,ResearchGate,https://www.researchgate.net/publication/224144504_Using_duration_to_learn_activities_of_daily_living_in_a_smart_home_environment?_iepl%5BgeneralViewId%5D=YQZWEQPe4YAuAN1ntHw4KLcXcJGRwZ1Eztzq&_iepl%5Bcontexts%5D%5B0%5D=searchReact&_iepl%5BviewId%5D=IDlNl4Vyl3nQ7giYvShhPkj1dMkru0GibMJ3&_iepl%5BsearchType%5D=publication&_iepl%5Bdata%5D%5BcountMoreThan20%5D=1&_iepl%5Bdata%5D%5BinteractedWithPosition17%5D=1&_iepl%5Bdata%5D%5BwithEnrichment%5D=1&_iepl%5Bposition%5D=17&_iepl%5BrgKey%5D=PB%3A224144504&_iepl%5BtargetEntityId%5D=PB%3A224144504&_iepl%5BinteractionType%5D=publicationCTA
10/02/2018,The Behavioral Profiling Based on Times Series Forecasting for Smart Homes Assistance,Tarik Moutacalli,Apr 2015,Article,,,ResearchGate,https://www.researchgate.net/publication/274635285_The_Behavioral_Profiling_Based_on_Times_Series_Forecasting_for_Smart_Homes_Assistance?_iepl%5BgeneralViewId%5D=YQZWEQPe4YAuAN1ntHw4KLcXcJGRwZ1Eztzq&_iepl%5Bcontexts%5D%5B0%5D=searchReact&_iepl%5BviewId%5D=IDlNl4Vyl3nQ7giYvShhPkj1dMkru0GibMJ3&_iepl%5BsearchType%5D=publication&_iepl%5Bdata%5D%5BcountMoreThan20%5D=1&_iepl%5Bdata%5D%5BinteractedWithPosition11%5D=1&_iepl%5Bdata%5D%5BwithEnrichment%5D=1&_iepl%5Bposition%5D=11&_iepl%5BrgKey%5D=PB%3A274635285&_iepl%5BtargetEntityId%5D=PB%3A274635285&_iepl%5BinteractionType%5D=publicationCTA
10/02/2018,"AirDraw: Leveraging Smart Watch Motion Sensors for Mobile Human Computer
  Interactions",Seyed A Sajjadi,2017-05-07T19:58:54Z,-,,,arXiv,http://arxiv.org/abs/1705.02689v1
10/02/2018,"Design and Management of Vehicle Sharing Systems: A Survey of
  Algorithmic Approaches",Damianos Gavalas,2015-10-05T14:02:52Z,-,,,arXiv,http://arxiv.org/abs/1510.01158v1
10/02/2018,Co-adaptation in a Handwriting Recognition System,Sunsern Cheamanunkul,2014-09-09T21:06:14Z,-,,,arXiv,http://arxiv.org/abs/1409.2897v1
10/02/2018,"Indoor Location for Smart Environments with Wireless Sensor and Actuator
  Networks",Zhongliang Zhao,2017-05-26T11:56:21Z,-,,,arXiv,http://arxiv.org/abs/1705.09543v1
10/02/2018,Learning movement patterns of the occupant in smart home environments: an unsupervised learning approach,Tongda Zhang,Mar 2016,Article,,,ResearchGate,https://www.researchgate.net/publication/298910050_Learning_movement_patterns_of_the_occupant_in_smart_home_environments_an_unsupervised_learning_approach?_iepl%5BgeneralViewId%5D=YQZWEQPe4YAuAN1ntHw4KLcXcJGRwZ1Eztzq&_iepl%5Bcontexts%5D%5B0%5D=searchReact&_iepl%5BviewId%5D=IDlNl4Vyl3nQ7giYvShhPkj1dMkru0GibMJ3&_iepl%5BsearchType%5D=publication&_iepl%5Bdata%5D%5BcountMoreThan20%5D=1&_iepl%5Bdata%5D%5BinteractedWithPosition14%5D=1&_iepl%5Bdata%5D%5BwithoutEnrichment%5D=1&_iepl%5Bposition%5D=14&_iepl%5BrgKey%5D=PB%3A298910050&_iepl%5BtargetEntityId%5D=PB%3A298910050&_iepl%5BinteractionType%5D=publicationCTA
10/02/2018,An architecture for ethical robots,Dieter Vanderelst,2016-09-09T20:20:19Z,-,,,arXiv,http://arxiv.org/abs/1609.02931v1
10/02/2018,On Generation of Time-based Label Refinements,Niek Tax,2016-09-12T10:25:29Z,-,,,arXiv,http://arxiv.org/abs/1609.03333v1
10/02/2018,"Exploring Cross-Domain Data Dependencies for Smart Homes to Improve
  Energy Efficiency",Shamaila Iram,2017-10-11T09:40:39Z,-,,,arXiv,http://arxiv.org/abs/1710.03978v1
10/02/2018,Context-aware activity prediction using human behavior pattern in real smart home environments,Ming-Je Tsai,Aug 2016,Conference Paper,,,ResearchGate,https://www.researchgate.net/publication/310499198_Context-aware_activity_prediction_using_human_behavior_pattern_in_real_smart_home_environments?_iepl%5BgeneralViewId%5D=YQZWEQPe4YAuAN1ntHw4KLcXcJGRwZ1Eztzq&_iepl%5Bcontexts%5D%5B0%5D=searchReact&_iepl%5BviewId%5D=IDlNl4Vyl3nQ7giYvShhPkj1dMkru0GibMJ3&_iepl%5BsearchType%5D=publication&_iepl%5Bdata%5D%5BcountMoreThan20%5D=1&_iepl%5Bdata%5D%5BinteractedWithPosition20plus%5D=1&_iepl%5Bdata%5D%5BwithEnrichment%5D=1&_iepl%5Bposition%5D=26&_iepl%5BrgKey%5D=PB%3A310499198&_iepl%5BtargetEntityId%5D=PB%3A310499198&_iepl%5BinteractionType%5D=publicationCTA
10/02/2018,"GOptimaEmbed: A SmartSMS-SQLDatabaseManagementSystem for Low-Cost
  Microcontrollers",N. E. Osegi,2015-03-08T16:46:03Z,-,,,arXiv,http://arxiv.org/abs/1503.02295v2
10/02/2018,Learning Complex Activity Preconditions in Process Mining,Stefano Ferilli,Jan 2015,Conference Paper,,,ResearchGate,https://www.researchgate.net/publication/274268885_Learning_Complex_Activity_Preconditions_in_Process_Mining?_iepl%5BgeneralViewId%5D=YQZWEQPe4YAuAN1ntHw4KLcXcJGRwZ1Eztzq&_iepl%5Bcontexts%5D%5B0%5D=searchReact&_iepl%5BviewId%5D=IDlNl4Vyl3nQ7giYvShhPkj1dMkru0GibMJ3&_iepl%5BsearchType%5D=publication&_iepl%5Bdata%5D%5BcountMoreThan20%5D=1&_iepl%5Bdata%5D%5BinteractedWithPosition20plus%5D=1&_iepl%5Bdata%5D%5BwithoutEnrichment%5D=1&_iepl%5Bposition%5D=55&_iepl%5BrgKey%5D=PB%3A274268885&_iepl%5BtargetEntityId%5D=PB%3A274268885&_iepl%5BinteractionType%5D=publicationCTA
10/02/2018,A Location Based Sequence Prediction Algorithm for Determining Next Activity in Smart Home,Mohammad Marufuzzaman,Jun 2017,Article,,,ResearchGate,https://www.researchgate.net/publication/317776443_A_Location_Based_Sequence_Prediction_Algorithm_for_Determining_Next_Activity_in_Smart_Home?_iepl%5BgeneralViewId%5D=YQZWEQPe4YAuAN1ntHw4KLcXcJGRwZ1Eztzq&_iepl%5Bcontexts%5D%5B0%5D=searchReact&_iepl%5BviewId%5D=IDlNl4Vyl3nQ7giYvShhPkj1dMkru0GibMJ3&_iepl%5BsearchType%5D=publication&_iepl%5Bdata%5D%5BcountMoreThan20%5D=1&_iepl%5Bdata%5D%5BinteractedWithPosition3%5D=1&_iepl%5Bdata%5D%5BwithoutEnrichment%5D=1&_iepl%5Bposition%5D=3&_iepl%5BrgKey%5D=PB%3A317776443&_iepl%5BtargetEntityId%5D=PB%3A317776443&_iepl%5BinteractionType%5D=publicationCTA
10/02/2018,"Improving Computer Assisted Speech Therapy Through Speech Based Emotion
  Recognition",Ovidiu Schipor,2014-05-30T08:29:29Z,-,,,arXiv,http://arxiv.org/abs/1405.7796v1
10/02/2018,An improved extreme learning machine model for the prediction of human scenarios in smart homes,Liwen Zaineb,Sep 2017,Article,,,ResearchGate,https://www.researchgate.net/publication/320137870_An_improved_extreme_learning_machine_model_for_the_prediction_of_human_scenarios_in_smart_homes?_iepl%5BgeneralViewId%5D=YQZWEQPe4YAuAN1ntHw4KLcXcJGRwZ1Eztzq&_iepl%5Bcontexts%5D%5B0%5D=searchReact&_iepl%5BviewId%5D=IDlNl4Vyl3nQ7giYvShhPkj1dMkru0GibMJ3&_iepl%5BsearchType%5D=publication&_iepl%5Bdata%5D%5BcountMoreThan20%5D=1&_iepl%5Bdata%5D%5BinteractedWithPosition5%5D=1&_iepl%5Bdata%5D%5BwithoutEnrichment%5D=1&_iepl%5Bposition%5D=5&_iepl%5BrgKey%5D=PB%3A320137870&_iepl%5BtargetEntityId%5D=PB%3A320137870&_iepl%5BinteractionType%5D=publicationCTA
10/02/2018,An Intelligent Domotics System to Automate User Actions,Natalie Kcomt Ché,Jan 2010,Conference Paper,,,ResearchGate,https://www.researchgate.net/publication/220955095_An_Intelligent_Domotics_System_to_Automate_User_Actions?_iepl%5BgeneralViewId%5D=YQZWEQPe4YAuAN1ntHw4KLcXcJGRwZ1Eztzq&_iepl%5Bcontexts%5D%5B0%5D=searchReact&_iepl%5BviewId%5D=IDlNl4Vyl3nQ7giYvShhPkj1dMkru0GibMJ3&_iepl%5BsearchType%5D=publication&_iepl%5Bdata%5D%5BcountMoreThan20%5D=1&_iepl%5Bdata%5D%5BinteractedWithPosition20plus%5D=1&_iepl%5Bdata%5D%5BwithoutEnrichment%5D=1&_iepl%5Bposition%5D=56&_iepl%5BrgKey%5D=PB%3A220955095&_iepl%5BtargetEntityId%5D=PB%3A220955095&_iepl%5BinteractionType%5D=publicationCTA
10/02/2018,Gesture Recognition in Smart Home Using Passive RFID Technology,Kévin Bouchard,May 2014,Conference Paper,,,ResearchGate,https://www.researchgate.net/publication/261056902_Gesture_Recognition_in_Smart_Home_Using_Passive_RFID_Technology?_iepl%5BgeneralViewId%5D=YQZWEQPe4YAuAN1ntHw4KLcXcJGRwZ1Eztzq&_iepl%5Bcontexts%5D%5B0%5D=searchReact&_iepl%5BviewId%5D=IDlNl4Vyl3nQ7giYvShhPkj1dMkru0GibMJ3&_iepl%5BsearchType%5D=publication&_iepl%5Bdata%5D%5BcountMoreThan20%5D=1&_iepl%5Bdata%5D%5BinteractedWithPosition15%5D=1&_iepl%5Bdata%5D%5BwithoutEnrichment%5D=1&_iepl%5Bposition%5D=15&_iepl%5BrgKey%5D=PB%3A261056902&_iepl%5BtargetEntityId%5D=PB%3A261056902&_iepl%5BinteractionType%5D=publicationCTA
10/02/2018,Composition of Management System for Smart Homes,Mark Sh. Levin,2011-03-20T11:38:19Z,-,,,arXiv,http://arxiv.org/abs/1103.3844v1
10/02/2018,Home Energy Management in Smart Grid,A. Mahmood,2013-11-21T12:46:58Z,-,,,arXiv,http://arxiv.org/abs/1311.5385v1
10/02/2018,Reliable measurement of Wireless Sensor Network data for forecasting wellness of elderly at smart home,Nagender Suryadevara,May 2013,Conference Paper,,,ResearchGate,https://www.researchgate.net/publication/261491269_Reliable_measurement_of_Wireless_Sensor_Network_data_for_forecasting_wellness_of_elderly_at_smart_home?_iepl%5BgeneralViewId%5D=YQZWEQPe4YAuAN1ntHw4KLcXcJGRwZ1Eztzq&_iepl%5Bcontexts%5D%5B0%5D=searchReact&_iepl%5BviewId%5D=IDlNl4Vyl3nQ7giYvShhPkj1dMkru0GibMJ3&_iepl%5BsearchType%5D=publication&_iepl%5Bdata%5D%5BcountMoreThan20%5D=1&_iepl%5Bdata%5D%5BinteractedWithPosition20plus%5D=1&_iepl%5Bdata%5D%5BwithoutEnrichment%5D=1&_iepl%5Bposition%5D=27&_iepl%5BrgKey%5D=PB%3A261491269&_iepl%5BtargetEntityId%5D=PB%3A261491269&_iepl%5BinteractionType%5D=publicationCTA
10/02/2018,"Inverse Reinforcement Learning with Multi-Relational Chains for
  Robot-Centered Smart Home",Kun Li,2014-08-16T09:20:47Z,-,,,arXiv,http://arxiv.org/abs/1408.3727v5
10/02/2018,Graph-based representation of behavior in detection and prediction of daily living activities,Piotr Augustyniak,Nov 2017,Article,,,ResearchGate,https://www.researchgate.net/publication/320983371_Graph-based_representation_of_behavior_in_detection_and_prediction_of_daily_living_activities?_iepl%5BgeneralViewId%5D=YQZWEQPe4YAuAN1ntHw4KLcXcJGRwZ1Eztzq&_iepl%5Bcontexts%5D%5B0%5D=searchReact&_iepl%5BviewId%5D=IDlNl4Vyl3nQ7giYvShhPkj1dMkru0GibMJ3&_iepl%5BsearchType%5D=publication&_iepl%5Bdata%5D%5BcountMoreThan20%5D=1&_iepl%5Bdata%5D%5BinteractedWithPosition20plus%5D=1&_iepl%5Bdata%5D%5BwithoutEnrichment%5D=1&_iepl%5Bposition%5D=43&_iepl%5BrgKey%5D=PB%3A320983371&_iepl%5BtargetEntityId%5D=PB%3A320983371&_iepl%5BinteractionType%5D=publicationCTA
10/02/2018,Proposal of a multiagent-based smart environment for the IoT,Radoslaw Klimek,2014-04-06T21:03:45Z,-,,,arXiv,http://arxiv.org/abs/1404.1621v3
10/02/2018,"The Missing Ones: Key Ingredients Towards Effective Ambient Assisted
  Living Systems",Hong Sun,2014-01-12T18:51:43Z,-,,,arXiv,http://arxiv.org/abs/1401.2657v1
10/02/2018,"Robust, Informative Human-in-the-Loop Predictions via Empirical
  Reachable Sets",Katherine Driggs-Campbell,2017-05-02T00:32:13Z,-,,,arXiv,http://arxiv.org/abs/1705.00748v1
10/02/2018,"Science Driven Innovations Powering Mobile Product: Cloud AI vs. Device
  AI Solutions on Smart Device",Deguang Kong,2017-11-20T23:42:34Z,-,,,arXiv,http://arxiv.org/abs/1711.07580v1
10/02/2018,Behavior-Based Home Energy Prediction,Chao Hsiang Chen,Jun 2012,Conference Paper,,,ResearchGate,https://www.researchgate.net/publication/262313623_Behavior-Based_Home_Energy_Prediction?_iepl%5BgeneralViewId%5D=YQZWEQPe4YAuAN1ntHw4KLcXcJGRwZ1Eztzq&_iepl%5Bcontexts%5D%5B0%5D=searchReact&_iepl%5BviewId%5D=IDlNl4Vyl3nQ7giYvShhPkj1dMkru0GibMJ3&_iepl%5BsearchType%5D=publication&_iepl%5Bdata%5D%5BcountMoreThan20%5D=1&_iepl%5Bdata%5D%5BinteractedWithPosition20plus%5D=1&_iepl%5Bdata%5D%5BwithoutEnrichment%5D=1&_iepl%5Bposition%5D=40&_iepl%5BrgKey%5D=PB%3A262313623&_iepl%5BtargetEntityId%5D=PB%3A262313623&_iepl%5BinteractionType%5D=publicationCTA
10/02/2018,Forecasting the Behaviour of an Elderly Person Using WSN Data,Nagender Suryadevara,Jan 2015,Chapter,,,ResearchGate,https://www.researchgate.net/publication/302585427_Forecasting_the_Behaviour_of_an_Elderly_Person_Using_WSN_Data?_iepl%5BgeneralViewId%5D=YQZWEQPe4YAuAN1ntHw4KLcXcJGRwZ1Eztzq&_iepl%5Bcontexts%5D%5B0%5D=searchReact&_iepl%5BviewId%5D=IDlNl4Vyl3nQ7giYvShhPkj1dMkru0GibMJ3&_iepl%5BsearchType%5D=publication&_iepl%5Bdata%5D%5BcountMoreThan20%5D=1&_iepl%5Bdata%5D%5BinteractedWithPosition20plus%5D=1&_iepl%5Bdata%5D%5BwithoutEnrichment%5D=1&_iepl%5Bposition%5D=33&_iepl%5BrgKey%5D=PB%3A302585427&_iepl%5BtargetEntityId%5D=PB%3A302585427&_iepl%5BinteractionType%5D=publicationCTA
10/02/2018,Activity Recognition In Smart Home Using Weighted Dempster-Shafer Theory,Elham Javadi,Nov 2013,Article,,,ResearchGate,https://www.researchgate.net/publication/281688520_Activity_Recognition_In_Smart_Home_Using_Weighted_Dempster-Shafer_Theory?_iepl%5BgeneralViewId%5D=YQZWEQPe4YAuAN1ntHw4KLcXcJGRwZ1Eztzq&_iepl%5Bcontexts%5D%5B0%5D=searchReact&_iepl%5BviewId%5D=IDlNl4Vyl3nQ7giYvShhPkj1dMkru0GibMJ3&_iepl%5BsearchType%5D=publication&_iepl%5Bdata%5D%5BcountMoreThan20%5D=1&_iepl%5Bdata%5D%5BinteractedWithPosition20plus%5D=1&_iepl%5Bdata%5D%5BwithoutEnrichment%5D=1&_iepl%5Bposition%5D=25&_iepl%5BrgKey%5D=PB%3A281688520&_iepl%5BtargetEntityId%5D=PB%3A281688520&_iepl%5BinteractionType%5D=publicationCTA
10/02/2018,FreeSense:Indoor Human Identification with WiFi Signals,Tong Xin,2016-08-11T12:05:07Z,-,,,arXiv,http://arxiv.org/abs/1608.03430v1
10/02/2018,Smart-Energy Group Anomaly Based Behavioral Abnormality Detection,Mohammad  Arif Ul Alam,Oct 2016,Conference Paper,,,ResearchGate,https://www.researchgate.net/publication/305856921_Smart-Energy_Group_Anomaly_Based_Behavioral_Abnormality_Detection?_iepl%5BgeneralViewId%5D=YQZWEQPe4YAuAN1ntHw4KLcXcJGRwZ1Eztzq&_iepl%5Bcontexts%5D%5B0%5D=searchReact&_iepl%5BviewId%5D=IDlNl4Vyl3nQ7giYvShhPkj1dMkru0GibMJ3&_iepl%5BsearchType%5D=publication&_iepl%5Bdata%5D%5BcountMoreThan20%5D=1&_iepl%5Bdata%5D%5BinteractedWithPosition20plus%5D=1&_iepl%5Bdata%5D%5BwithoutEnrichment%5D=1&_iepl%5Bposition%5D=48&_iepl%5BrgKey%5D=PB%3A305856921&_iepl%5BtargetEntityId%5D=PB%3A305856921&_iepl%5BinteractionType%5D=publicationCTA
10/02/2018,"The Information-theoretic and Algorithmic Approach to Human, Animal and
  Artificial Cognition",Nicolas Gauvrit,2015-01-17T22:55:48Z,-,,,arXiv,http://arxiv.org/abs/1501.04242v5
10/02/2018,Predictability Analysis of Aperiodic and Periodic Model for Long-Term Human Mobility Using Ambient Sensors,Danaipat Sodkomkham,Jan 2015,Chapter,,,ResearchGate,https://www.researchgate.net/publication/277013886_Predictability_Analysis_of_Aperiodic_and_Periodic_Model_for_Long-Term_Human_Mobility_Using_Ambient_Sensors?_iepl%5BgeneralViewId%5D=YQZWEQPe4YAuAN1ntHw4KLcXcJGRwZ1Eztzq&_iepl%5Bcontexts%5D%5B0%5D=searchReact&_iepl%5BviewId%5D=IDlNl4Vyl3nQ7giYvShhPkj1dMkru0GibMJ3&_iepl%5BsearchType%5D=publication&_iepl%5Bdata%5D%5BcountMoreThan20%5D=1&_iepl%5Bdata%5D%5BinteractedWithPosition20plus%5D=1&_iepl%5Bdata%5D%5BwithoutEnrichment%5D=1&_iepl%5Bposition%5D=46&_iepl%5BrgKey%5D=PB%3A277013886&_iepl%5BtargetEntityId%5D=PB%3A277013886&_iepl%5BinteractionType%5D=publicationCTA
10/02/2018,A Survey of Question Answering for Math and Science Problem,Arindam Bhattacharya,2017-05-10T15:28:37Z,-,,,arXiv,http://arxiv.org/abs/1705.04530v1
10/02/2018,Users Satisfaction on Online Map Application,P. Jayanthi,2018-02-10,article,,,Zenodo,https://zenodo.org/record/1170603
10/02/2018,Smart City Analytics: Ensemble-Learned Prediction of Citizen Home Care,Casper Hansen,2017-08-21T20:19:52Z,-,,,arXiv,http://arxiv.org/abs/1708.06403v1
10/02/2018,Vagueness of Linguistic variable,Supriya Raheja,2010-06-23T15:09:04Z,-,,,arXiv,http://arxiv.org/abs/1006.4551v1
10/02/2018,User Behavior and Capability Based Access Control Model and Architecture,Meriem Zerkouk,Jan 2013,Article,,,ResearchGate,https://www.researchgate.net/publication/259007306_User_Behavior_and_Capability_Based_Access_Control_Model_and_Architecture?_iepl%5BgeneralViewId%5D=YQZWEQPe4YAuAN1ntHw4KLcXcJGRwZ1Eztzq&_iepl%5Bcontexts%5D%5B0%5D=searchReact&_iepl%5BviewId%5D=IDlNl4Vyl3nQ7giYvShhPkj1dMkru0GibMJ3&_iepl%5BsearchType%5D=publication&_iepl%5Bdata%5D%5BcountMoreThan20%5D=1&_iepl%5Bdata%5D%5BinteractedWithPosition20plus%5D=1&_iepl%5Bdata%5D%5BwithoutEnrichment%5D=1&_iepl%5Bposition%5D=52&_iepl%5BrgKey%5D=PB%3A259007306&_iepl%5BtargetEntityId%5D=PB%3A259007306&_iepl%5BinteractionType%5D=publicationCTA
10/02/2018,HoME: a Household Multimodal Environment,Simon Brodeur,2017-11-29T18:45:59Z,-,,,arXiv,http://arxiv.org/abs/1711.11017v1
10/02/2018,"Counter-Factual Reinforcement Learning: How to Model Decision-Makers
  That Anticipate The Future",Ritchie Lee,2012-07-03T22:30:34Z,-,,,arXiv,http://arxiv.org/abs/1207.0852v1
10/02/2018,Human fall detection in surveillance video based on PCANet,Shengke Wang,Jun 2015,Article,,,ResearchGate,https://www.researchgate.net/publication/279232604_Human_fall_detection_in_surveillance_video_based_on_PCANet?_iepl%5BgeneralViewId%5D=YQZWEQPe4YAuAN1ntHw4KLcXcJGRwZ1Eztzq&_iepl%5Bcontexts%5D%5B0%5D=searchReact&_iepl%5BviewId%5D=IDlNl4Vyl3nQ7giYvShhPkj1dMkru0GibMJ3&_iepl%5BsearchType%5D=publication&_iepl%5Bdata%5D%5BcountMoreThan20%5D=1&_iepl%5Bdata%5D%5BinteractedWithPosition20plus%5D=1&_iepl%5Bdata%5D%5BwithEnrichment%5D=1&_iepl%5Bposition%5D=37&_iepl%5BrgKey%5D=PB%3A279232604&_iepl%5BtargetEntityId%5D=PB%3A279232604&_iepl%5BinteractionType%5D=publicationCTA
10/02/2018,Predicting user Activities in the Sequence of Mobile Context for Ambient Intelligence Environment using Dynamic Bayesian Network.,Han-Saem Park,Jan 2010,Conference Paper,,,ResearchGate,https://www.researchgate.net/publication/221539763_Predicting_user_Activities_in_the_Sequence_of_Mobile_Context_for_Ambient_Intelligence_Environment_using_Dynamic_Bayesian_Network?_iepl%5BgeneralViewId%5D=YQZWEQPe4YAuAN1ntHw4KLcXcJGRwZ1Eztzq&_iepl%5Bcontexts%5D%5B0%5D=searchReact&_iepl%5BviewId%5D=IDlNl4Vyl3nQ7giYvShhPkj1dMkru0GibMJ3&_iepl%5BsearchType%5D=publication&_iepl%5Bdata%5D%5BcountMoreThan20%5D=1&_iepl%5Bdata%5D%5BinteractedWithPosition20plus%5D=1&_iepl%5Bdata%5D%5BwithoutEnrichment%5D=1&_iepl%5Bposition%5D=54&_iepl%5BrgKey%5D=PB%3A221539763&_iepl%5BtargetEntityId%5D=PB%3A221539763&_iepl%5BinteractionType%5D=publicationCTA
10/02/2018,Real-time Load Prediction with High Velocity Smart Home Data Stream,Christoph Doblander,2017-08-12T12:47:31Z,-,,,arXiv,http://arxiv.org/abs/1708.04613v1
10/02/2018,"Promote the Industry Standard of Smart Home in China by Intelligent
  Router Technology",Hui Lin,2015-04-15T13:52:40Z,-,,,arXiv,http://arxiv.org/abs/1504.03912v1
10/02/2018,Improving prediction accuracy in context aware smart homes using K-Markov model,A.S. Meenakshi Sundaram,Jan 2007,Article,,,ResearchGate,https://www.researchgate.net/publication/291320201_Improving_prediction_accuracy_in_context_aware_smart_homes_using_K-Markov_model?_iepl%5BgeneralViewId%5D=YQZWEQPe4YAuAN1ntHw4KLcXcJGRwZ1Eztzq&_iepl%5Bcontexts%5D%5B0%5D=searchReact&_iepl%5BviewId%5D=IDlNl4Vyl3nQ7giYvShhPkj1dMkru0GibMJ3&_iepl%5BsearchType%5D=publication&_iepl%5Bdata%5D%5BcountMoreThan20%5D=1&_iepl%5Bdata%5D%5BinteractedWithPosition20plus%5D=1&_iepl%5Bdata%5D%5BwithoutEnrichment%5D=1&_iepl%5Bposition%5D=28&_iepl%5BrgKey%5D=PB%3A291320201&_iepl%5BtargetEntityId%5D=PB%3A291320201&_iepl%5BinteractionType%5D=publicationCTA
10/02/2018,Machine Agency in Human-Machine Networks; Impacts and Trust Implications,Vegard Engen,2016-02-26T08:43:28Z,-,,,arXiv,http://arxiv.org/abs/1602.08237v1
10/02/2018,Regression Based Trajectory Learning and Prediction for Human Motion,Alparslan Yildiz,Oct 2013,Conference Paper,,,ResearchGate,https://www.researchgate.net/publication/302180766_Regression_Based_Trajectory_Learning_and_Prediction_for_Human_Motion?_iepl%5BgeneralViewId%5D=YQZWEQPe4YAuAN1ntHw4KLcXcJGRwZ1Eztzq&_iepl%5Bcontexts%5D%5B0%5D=searchReact&_iepl%5BviewId%5D=IDlNl4Vyl3nQ7giYvShhPkj1dMkru0GibMJ3&_iepl%5BsearchType%5D=publication&_iepl%5Bdata%5D%5BcountMoreThan20%5D=1&_iepl%5Bdata%5D%5BinteractedWithPosition20plus%5D=1&_iepl%5Bdata%5D%5BwithoutEnrichment%5D=1&_iepl%5Bposition%5D=35&_iepl%5BrgKey%5D=PB%3A302180766&_iepl%5BtargetEntityId%5D=PB%3A302180766&_iepl%5BinteractionType%5D=publicationCTA
10/02/2018,The potential and challenges of inferring thermal comfort at home using commodity sensors,Chuan-Che (Jeff) Huang,Sep 2015,Conference Paper,,,ResearchGate,https://www.researchgate.net/publication/310824149_The_potential_and_challenges_of_inferring_thermal_comfort_at_home_using_commodity_sensors?_iepl%5BgeneralViewId%5D=YQZWEQPe4YAuAN1ntHw4KLcXcJGRwZ1Eztzq&_iepl%5Bcontexts%5D%5B0%5D=searchReact&_iepl%5BviewId%5D=IDlNl4Vyl3nQ7giYvShhPkj1dMkru0GibMJ3&_iepl%5BsearchType%5D=publication&_iepl%5Bdata%5D%5BcountMoreThan20%5D=1&_iepl%5Bdata%5D%5BinteractedWithPosition20plus%5D=1&_iepl%5Bdata%5D%5BwithoutEnrichment%5D=1&_iepl%5Bposition%5D=42&_iepl%5BrgKey%5D=PB%3A310824149&_iepl%5BtargetEntityId%5D=PB%3A310824149&_iepl%5BinteractionType%5D=publicationCTA
10/02/2018,An Investigation of The Trivedi Effect®-Energy of Consciousness Healing Treatment to Modulate the Immunomodulatory Effect of Herbomineral Formulation in Male Sprague Dawley Rats,"Trivedi, Mahendra Kumar",2017-12-11,article,,,Zenodo,https://zenodo.org/record/1170587
10/02/2018,"An Internet of Things Framework for Smart Energy in Buildings: Designs,
  Prototype, and Experiments",Jianli Pan,2016-03-25T20:38:40Z,-,,,arXiv,http://arxiv.org/abs/1603.08025v1
10/02/2018,A genetic algorithm-based classifier ensemble optimization for activity recognition in smart homes,I. Fatima,Nov 2013,Article,,,ResearchGate,https://www.researchgate.net/publication/289634679_A_genetic_algorithm-based_classifier_ensemble_optimization_for_activity_recognition_in_smart_homes?_iepl%5BgeneralViewId%5D=YQZWEQPe4YAuAN1ntHw4KLcXcJGRwZ1Eztzq&_iepl%5Bcontexts%5D%5B0%5D=searchReact&_iepl%5BviewId%5D=IDlNl4Vyl3nQ7giYvShhPkj1dMkru0GibMJ3&_iepl%5BsearchType%5D=publication&_iepl%5Bdata%5D%5BcountMoreThan20%5D=1&_iepl%5Bdata%5D%5BinteractedWithPosition16%5D=1&_iepl%5Bdata%5D%5BwithoutEnrichment%5D=1&_iepl%5Bposition%5D=16&_iepl%5BrgKey%5D=PB%3A289634679&_iepl%5BtargetEntityId%5D=PB%3A289634679&_iepl%5BinteractionType%5D=publicationCTA
10/02/2018,Intelligent Agent for Prediction in E- Negotiation: An Approach,Mohammad Irfan Bala,2013-11-25T08:35:17Z,-,,,arXiv,http://arxiv.org/abs/1311.6229v1
10/02/2018,"Spying on the Smart Home: Privacy Attacks and Defenses on Encrypted IoT
  Traffic",Noah Apthorpe,2017-08-16T19:20:57Z,-,,,arXiv,http://arxiv.org/abs/1708.05044v1
10/02/2018,Classifier ensemble optimization for human activity recognition in smart homes,Iram Fatima,Jan 2013,Conference Paper,,,ResearchGate,https://www.researchgate.net/publication/262403547_Classifier_ensemble_optimization_for_human_activity_recognition_in_smart_homes?_iepl%5BgeneralViewId%5D=YQZWEQPe4YAuAN1ntHw4KLcXcJGRwZ1Eztzq&_iepl%5Bcontexts%5D%5B0%5D=searchReact&_iepl%5BviewId%5D=IDlNl4Vyl3nQ7giYvShhPkj1dMkru0GibMJ3&_iepl%5BsearchType%5D=publication&_iepl%5Bdata%5D%5BcountMoreThan20%5D=1&_iepl%5Bdata%5D%5BinteractedWithPosition20%5D=1&_iepl%5Bdata%5D%5BwithoutEnrichment%5D=1&_iepl%5Bposition%5D=20&_iepl%5BrgKey%5D=PB%3A262403547&_iepl%5BtargetEntityId%5D=PB%3A262403547&_iepl%5BinteractionType%5D=publicationCTA
10/02/2018,Incentive Design in Human-in-the-Loop Cyber-Physical Systems: A Case Study on Demand Response in California,Datong Paul Zhou,Oct 2017,Article,,,ResearchGate,https://www.researchgate.net/publication/320297751_Incentive_Design_in_Human-in-the-Loop_Cyber-Physical_Systems_A_Case_Study_on_Demand_Response_in_California?_iepl%5BgeneralViewId%5D=YQZWEQPe4YAuAN1ntHw4KLcXcJGRwZ1Eztzq&_iepl%5Bcontexts%5D%5B0%5D=searchReact&_iepl%5BviewId%5D=IDlNl4Vyl3nQ7giYvShhPkj1dMkru0GibMJ3&_iepl%5BsearchType%5D=publication&_iepl%5Bdata%5D%5BcountMoreThan20%5D=1&_iepl%5Bdata%5D%5BinteractedWithPosition20plus%5D=1&_iepl%5Bdata%5D%5BwithoutEnrichment%5D=1&_iepl%5Bposition%5D=41&_iepl%5BrgKey%5D=PB%3A320297751&_iepl%5BtargetEntityId%5D=PB%3A320297751&_iepl%5BinteractionType%5D=publicationCTA
10/02/2018,An Improved Elman Neural Network for Daily Living Activities Recognition,Liwen Zaineb,Feb 2017,Conference Paper,,,ResearchGate,https://www.researchgate.net/publication/314247907_An_Improved_Elman_Neural_Network_for_Daily_Living_Activities_Recognition?_iepl%5BgeneralViewId%5D=YQZWEQPe4YAuAN1ntHw4KLcXcJGRwZ1Eztzq&_iepl%5Bcontexts%5D%5B0%5D=searchReact&_iepl%5BviewId%5D=IDlNl4Vyl3nQ7giYvShhPkj1dMkru0GibMJ3&_iepl%5BsearchType%5D=publication&_iepl%5Bdata%5D%5BcountMoreThan20%5D=1&_iepl%5Bdata%5D%5BinteractedWithPosition20plus%5D=1&_iepl%5Bdata%5D%5BwithoutEnrichment%5D=1&_iepl%5Bposition%5D=36&_iepl%5BrgKey%5D=PB%3A314247907&_iepl%5BtargetEntityId%5D=PB%3A314247907&_iepl%5BinteractionType%5D=publicationCTA
10/02/2018,Ontology Bulding vs Data Harvesting and Cleaning for Smart-city Services,Pierfrancesco Bellini,2015-08-05T14:17:10Z,-,,,arXiv,http://arxiv.org/abs/1508.01083v1
10/02/2018,"Human-Machine Inference Networks For Smart Decision Making:
  Opportunities and Challenges",Aditya Vempaty,2018-01-29T17:03:34Z,-,,,arXiv,http://arxiv.org/abs/1801.09626v1
10/02/2018,"The Insecurity of Home Digital Voice Assistants - Amazon Alexa as a Case
  Study",Xinyu Lei,2017-12-09T01:37:34Z,-,,,arXiv,http://arxiv.org/abs/1712.03327v1
10/02/2018,"Activity Modeling in Smart Home using High Utility Pattern Mining over
  Data Streams",Menaka Gandhi. J,2013-06-25T14:39:17Z,-,,,arXiv,http://arxiv.org/abs/1306.5982v1
10/02/2018,DPHK: real-time distributed predicted data collecting based on activity pattern knowledge mined from trajectories in smart environments,Chengliang Wang,Dec 2015,Article,,,ResearchGate,https://www.researchgate.net/publication/287419652_DPHK_real-time_distributed_predicted_data_collecting_based_on_activity_pattern_knowledge_mined_from_trajectories_in_smart_environments?_iepl%5BgeneralViewId%5D=YQZWEQPe4YAuAN1ntHw4KLcXcJGRwZ1Eztzq&_iepl%5Bcontexts%5D%5B0%5D=searchReact&_iepl%5BviewId%5D=IDlNl4Vyl3nQ7giYvShhPkj1dMkru0GibMJ3&_iepl%5BsearchType%5D=publication&_iepl%5Bdata%5D%5BcountMoreThan20%5D=1&_iepl%5Bdata%5D%5BinteractedWithPosition20plus%5D=1&_iepl%5Bdata%5D%5BwithEnrichment%5D=1&_iepl%5Bposition%5D=31&_iepl%5BrgKey%5D=PB%3A287419652&_iepl%5BtargetEntityId%5D=PB%3A287419652&_iepl%5BinteractionType%5D=publicationCTA
10/02/2018,"Cognitive Interpretation of Everyday Activities: Toward Perceptual
  Narrative Based Visuo-Spatial Scene Interpretation",Mehul Bhatt,2013-06-22T10:37:34Z,-,,,arXiv,http://arxiv.org/abs/1306.5308v1
10/02/2018,Development of a Context Aware Virtual Smart Home Simulator,Tam Van Nguyen,2010-07-08T01:51:17Z,-,,,arXiv,http://arxiv.org/abs/1007.1274v1
10/02/2018,"Intelligent Approaches to interact with Machines using Hand Gesture
  Recognition in Natural way: A Survey",Ankit Chaudhary,2013-03-10T08:29:48Z,-,,,arXiv,http://arxiv.org/abs/1303.2292v1
10/02/2018,Trend Analysis Techniques in Forecasting Human Behaviour Evolution,Abubaker Elbayoudi,Jun 2017,Conference Paper,,,ResearchGate,https://www.researchgate.net/publication/317868846_Trend_Analysis_Techniques_in_Forecasting_Human_Behaviour_Evolution?_iepl%5BgeneralViewId%5D=YQZWEQPe4YAuAN1ntHw4KLcXcJGRwZ1Eztzq&_iepl%5Bcontexts%5D%5B0%5D=searchReact&_iepl%5BviewId%5D=IDlNl4Vyl3nQ7giYvShhPkj1dMkru0GibMJ3&_iepl%5BsearchType%5D=publication&_iepl%5Bdata%5D%5BcountMoreThan20%5D=1&_iepl%5Bdata%5D%5BinteractedWithPosition20plus%5D=1&_iepl%5Bdata%5D%5BwithEnrichment%5D=1&_iepl%5Bposition%5D=44&_iepl%5BrgKey%5D=PB%3A317868846&_iepl%5BtargetEntityId%5D=PB%3A317868846&_iepl%5BinteractionType%5D=publicationCTA
10/02/2018,Context-Aware Service Utilisation in the Clouds and Energy Conservation,Saad Liaquat Kiani,2012-02-24T18:21:23Z,-,,,arXiv,http://arxiv.org/abs/1202.5519v1
10/02/2018,How will the Internet of Things enable Augmented Personalized Health?,Amit Sheth,2017-12-31T21:18:16Z,-,,,arXiv,http://arxiv.org/abs/1801.00356v1
10/02/2018,Model-based Inference Techniques for detecting High-Level Team Intentions.,Albert Hein,Jan 2009,Conference Paper,,,ResearchGate,https://www.researchgate.net/publication/221562283_Model-based_Inference_Techniques_for_detecting_High-Level_Team_Intentions?_iepl%5BgeneralViewId%5D=YQZWEQPe4YAuAN1ntHw4KLcXcJGRwZ1Eztzq&_iepl%5Bcontexts%5D%5B0%5D=searchReact&_iepl%5BviewId%5D=IDlNl4Vyl3nQ7giYvShhPkj1dMkru0GibMJ3&_iepl%5BsearchType%5D=publication&_iepl%5Bdata%5D%5BcountMoreThan20%5D=1&_iepl%5Bdata%5D%5BinteractedWithPosition20plus%5D=1&_iepl%5Bdata%5D%5BwithoutEnrichment%5D=1&_iepl%5Bposition%5D=57&_iepl%5BrgKey%5D=PB%3A221562283&_iepl%5BtargetEntityId%5D=PB%3A221562283&_iepl%5BinteractionType%5D=publicationCTA
10/02/2018,Mining Determinism in Human Strategic Behavior,Rustam Tagiew,2012-11-11T11:27:01Z,-,,,arXiv,http://arxiv.org/abs/1211.2399v1
10/02/2018,Augur: Mining Human Behaviors from Fiction to Power Interactive Systems,Ethan Fast,2016-02-22T21:44:05Z,-,,,arXiv,http://arxiv.org/abs/1602.06977v2
10/02/2018,GPRS Video Streaming Surveillance System GVSS,T. P. Pushpavathi,2010-02-16T06:38:49Z,-,,,arXiv,http://arxiv.org/abs/1002.3011v1
10/02/2018,"Beyond the technical challenges for deploying Machine Learning solutions
  in a software company",Ilias Flaounas,2017-08-08T03:59:09Z,-,,,arXiv,http://arxiv.org/abs/1708.02363v1
10/02/2018,"Home Is Where the Up-Votes Are: Behavior Changes in Response to Feedback
  in Social Media",Sanmay Das,2014-06-30T13:51:23Z,-,,,arXiv,http://arxiv.org/abs/1406.7738v1
10/02/2018,"ROTUNDE - A Smart Meeting Cinematography Initiative: Tools, Datasets,
  and Benchmarks for Cognitive Interpretation and Control",Mehul Bhatt,2013-06-05T09:40:24Z,-,,,arXiv,http://arxiv.org/abs/1306.1034v1
10/02/2018,Promises and Challenges of Ambient Assisted Living Systems,Hong Sun,2015-07-21T09:44:12Z,-,,,arXiv,http://arxiv.org/abs/1507.05765v1
10/02/2018,"Predicting the behavior of interacting humans by fusing data from
  multiple sources",Erik J. Schlicht,2014-08-09T05:50:20Z,-,,,arXiv,http://arxiv.org/abs/1408.2053v1
10/02/2018,Neural networks against genetic algorithms for negotiating agent behaviour prediction,Ioannis V. Papaioannou,Jan 2008,Article,,,ResearchGate,https://www.researchgate.net/publication/220298467_Neural_networks_against_genetic_algorithms_for_negotiating_agent_behaviour_prediction?_iepl%5BgeneralViewId%5D=YQZWEQPe4YAuAN1ntHw4KLcXcJGRwZ1Eztzq&_iepl%5Bcontexts%5D%5B0%5D=searchReact&_iepl%5BviewId%5D=IDlNl4Vyl3nQ7giYvShhPkj1dMkru0GibMJ3&_iepl%5BsearchType%5D=publication&_iepl%5Bdata%5D%5BcountMoreThan20%5D=1&_iepl%5Bdata%5D%5BinteractedWithPosition20plus%5D=1&_iepl%5Bdata%5D%5BwithoutEnrichment%5D=1&_iepl%5Bposition%5D=49&_iepl%5BrgKey%5D=PB%3A220298467&_iepl%5BtargetEntityId%5D=PB%3A220298467&_iepl%5BinteractionType%5D=publicationCTA
10/02/2018,A Data Mining Framework for Activity Recognition in Smart Environments,Chao Hsiang Chen,Aug 2010,Conference Paper,,,ResearchGate,https://www.researchgate.net/publication/224207426_A_Data_Mining_Framework_for_Activity_Recognition_in_Smart_Environments?_iepl%5BgeneralViewId%5D=YQZWEQPe4YAuAN1ntHw4KLcXcJGRwZ1Eztzq&_iepl%5Bcontexts%5D%5B0%5D=searchReact&_iepl%5BviewId%5D=IDlNl4Vyl3nQ7giYvShhPkj1dMkru0GibMJ3&_iepl%5BsearchType%5D=publication&_iepl%5Bdata%5D%5BcountMoreThan20%5D=1&_iepl%5Bdata%5D%5BinteractedWithPosition20plus%5D=1&_iepl%5Bdata%5D%5BwithoutEnrichment%5D=1&_iepl%5Bposition%5D=29&_iepl%5BrgKey%5D=PB%3A224207426&_iepl%5BtargetEntityId%5D=PB%3A224207426&_iepl%5BinteractionType%5D=publicationCTA
10/02/2018,Action Prediction in Smart Home Based on Reinforcement Learning,Marwa Hassan,Jun 2014,Conference Paper,,,ResearchGate,https://www.researchgate.net/publication/281966804_Action_Prediction_in_Smart_Home_Based_on_Reinforcement_Learning?_iepl%5BgeneralViewId%5D=YQZWEQPe4YAuAN1ntHw4KLcXcJGRwZ1Eztzq&_iepl%5Bcontexts%5D%5B0%5D=searchReact&_iepl%5BviewId%5D=IDlNl4Vyl3nQ7giYvShhPkj1dMkru0GibMJ3&_iepl%5BsearchType%5D=publication&_iepl%5Bdata%5D%5BcountMoreThan20%5D=1&_iepl%5Bdata%5D%5BinteractedWithPosition2%5D=1&_iepl%5Bdata%5D%5BwithoutEnrichment%5D=1&_iepl%5Bposition%5D=2&_iepl%5BrgKey%5D=PB%3A281966804&_iepl%5BtargetEntityId%5D=PB%3A281966804&_iepl%5BinteractionType%5D=publicationCTA
10/02/2018,A Genetic Neural Network Approach for Unusual Behavior Prediction in Smart Home,Liwen Zaineb,Feb 2017,Conference Paper,,,ResearchGate,https://www.researchgate.net/publication/314247875_A_Genetic_Neural_Network_Approach_for_Unusual_Behavior_Prediction_in_Smart_Home?_iepl%5BgeneralViewId%5D=YQZWEQPe4YAuAN1ntHw4KLcXcJGRwZ1Eztzq&_iepl%5Bcontexts%5D%5B0%5D=searchReact&_iepl%5BviewId%5D=IDlNl4Vyl3nQ7giYvShhPkj1dMkru0GibMJ3&_iepl%5BsearchType%5D=publication&_iepl%5Bdata%5D%5BcountMoreThan20%5D=1&_iepl%5Bdata%5D%5BinteractedWithPosition10%5D=1&_iepl%5Bdata%5D%5BwithoutEnrichment%5D=1&_iepl%5Bposition%5D=10&_iepl%5BrgKey%5D=PB%3A314247875&_iepl%5BtargetEntityId%5D=PB%3A314247875&_iepl%5BinteractionType%5D=publicationCTA
10/02/2018,A Markovian-based Approach for Daily Living Activities Recognition,Zaineb Liouane,2016-03-10T13:09:57Z,-,,,arXiv,http://arxiv.org/abs/1603.03251v1
10/02/2018,"Modern Physiognomy: An Investigation on Predicting Personality Traits
  and Intelligence from the Human Face",Rizhen Qin,2016-04-26T02:58:08Z,-,,,arXiv,http://arxiv.org/abs/1604.07499v1
10/02/2018,"Role of Secondary Attributes to Boost the Prediction Accuracy of
  Students Employability Via Data Mining",Pooja Thakar,2017-08-09T09:14:36Z,-,,,arXiv,http://arxiv.org/abs/1708.02940v1
10/02/2018,Energy saving in smart homes based on consumer behaviour: A case study,Michael Zehnder,2015-09-18T17:31:25Z,-,,,arXiv,http://arxiv.org/abs/1509.05722v1
10/02/2018,Building Smart Communities with Cyber-Physical Systems,Feng Xia,2011-12-31T03:19:14Z,-,,,arXiv,http://arxiv.org/abs/1201.0216v1
10/02/2018,Mining Human Activity Patterns from Smart Home Big Data for Healthcare Applications,Abdulsalam Yassine,Jun 2017,Article,,,ResearchGate,https://www.researchgate.net/publication/318331805_Mining_Human_Activity_Patterns_from_Smart_Home_Big_Data_for_Healthcare_Applications?_iepl%5BgeneralViewId%5D=YQZWEQPe4YAuAN1ntHw4KLcXcJGRwZ1Eztzq&_iepl%5Bcontexts%5D%5B0%5D=searchReact&_iepl%5BviewId%5D=IDlNl4Vyl3nQ7giYvShhPkj1dMkru0GibMJ3&_iepl%5BsearchType%5D=publication&_iepl%5Bdata%5D%5BcountMoreThan20%5D=1&_iepl%5Bdata%5D%5BinteractedWithPosition12%5D=1&_iepl%5Bdata%5D%5BwithEnrichment%5D=1&_iepl%5Bposition%5D=12&_iepl%5BrgKey%5D=PB%3A318331805&_iepl%5BtargetEntityId%5D=PB%3A318331805&_iepl%5BinteractionType%5D=publicationCTA
10/02/2018,Design and Simulation of a Smart Home managed by an Intelligent Self-Adaptive System,Basman M. Hasan Alhafidh,Aug 2016,Article,,,ResearchGate,https://www.researchgate.net/publication/311374442_Design_and_Simulation_of_a_Smart_Home_managed_by_an_Intelligent_Self-Adaptive_System?_iepl%5BgeneralViewId%5D=YQZWEQPe4YAuAN1ntHw4KLcXcJGRwZ1Eztzq&_iepl%5Bcontexts%5D%5B0%5D=searchReact&_iepl%5BviewId%5D=IDlNl4Vyl3nQ7giYvShhPkj1dMkru0GibMJ3&_iepl%5BsearchType%5D=publication&_iepl%5Bdata%5D%5BcountMoreThan20%5D=1&_iepl%5Bdata%5D%5BinteractedWithPosition8%5D=1&_iepl%5Bdata%5D%5BwithEnrichment%5D=1&_iepl%5Bposition%5D=8&_iepl%5BrgKey%5D=PB%3A311374442&_iepl%5BtargetEntityId%5D=PB%3A311374442&_iepl%5BinteractionType%5D=publicationCTA
10/02/2018,Using consumer behavior data to reduce energy consumption in smart homes,Daniel Schweizer,2015-10-01T09:49:45Z,-,,,arXiv,http://arxiv.org/abs/1510.00165v1
10/02/2018,Comparison and Performance Analysis of Machine Learning Algorithms for the Prediction of Human Actions in a Smart Home Environment,Basman M. Hasan Alhafidh,May 2017,Conference Paper,,,ResearchGate,https://www.researchgate.net/publication/319438442_Comparison_and_Performance_Analysis_of_Machine_Learning_Algorithms_for_the_Prediction_of_Human_Actions_in_a_Smart_Home_Environment?_iepl%5BgeneralViewId%5D=YQZWEQPe4YAuAN1ntHw4KLcXcJGRwZ1Eztzq&_iepl%5Bcontexts%5D%5B0%5D=searchReact&_iepl%5BviewId%5D=IDlNl4Vyl3nQ7giYvShhPkj1dMkru0GibMJ3&_iepl%5BsearchType%5D=publication&_iepl%5Bdata%5D%5BcountMoreThan20%5D=1&_iepl%5Bdata%5D%5BinteractedWithPosition20plus%5D=1&_iepl%5Bdata%5D%5BwithEnrichment%5D=1&_iepl%5Bposition%5D=23&_iepl%5BrgKey%5D=PB%3A319438442&_iepl%5BtargetEntityId%5D=PB%3A319438442&_iepl%5BinteractionType%5D=publicationCTA
10/02/2018,"Discovering More Precise Process Models from Event Logs by Filtering Out
  Chaotic Activities",Niek Tax,2017-11-03T18:13:36Z,-,,,arXiv,http://arxiv.org/abs/1711.01287v1
10/02/2018,Simulation-Based Usability Evaluation of Spoken and Multimodal Dialogue Systems,Stefan Hillmann,Jan 2018,Book,,,ResearchGate,https://www.researchgate.net/publication/322180773_Simulation-Based_Usability_Evaluation_of_Spoken_and_Multimodal_Dialogue_Systems?_iepl%5BgeneralViewId%5D=YQZWEQPe4YAuAN1ntHw4KLcXcJGRwZ1Eztzq&_iepl%5Bcontexts%5D%5B0%5D=searchReact&_iepl%5BviewId%5D=IDlNl4Vyl3nQ7giYvShhPkj1dMkru0GibMJ3&_iepl%5BsearchType%5D=publication&_iepl%5Bdata%5D%5BcountMoreThan20%5D=1&_iepl%5Bdata%5D%5BinteractedWithPosition20plus%5D=1&_iepl%5Bdata%5D%5BwithoutEnrichment%5D=1&_iepl%5Bposition%5D=38&_iepl%5BrgKey%5D=PB%3A322180773&_iepl%5BtargetEntityId%5D=PB%3A322180773&_iepl%5BinteractionType%5D=publicationCTA
10/02/2018,"Goal Inference Improves Objective and Perceived Performance in
  Human-Robot Collaboration",Chang Liu,2018-02-06T03:31:23Z,-,,,arXiv,http://arxiv.org/abs/1802.01780v1
10/02/2018,Log-based Evaluation of Label Splits for Process Models,Niek Tax,2016-06-23T10:29:48Z,-,,,arXiv,http://arxiv.org/abs/1606.07259v1
10/02/2018,"Characterization of a Multi-User Indoor Positioning System Based on Low
  Cost Depth Vision (Kinect) for Monitoring Human Activity in a Smart Home",Loïc Sevrin,2016-02-08T14:14:49Z,-,,,arXiv,http://arxiv.org/abs/1602.02574v1
10/02/2018,Evaluation of Immunomodulatory Parameters in Female Sprague Dawley Rats after Oral Administration of the Biofield Energy Healing Treated Herbomineral Formulation,"Trivedi, Mahendra Kumar",2017-12-11,article,,,Zenodo,https://zenodo.org/record/1170592
10/02/2018,"How smart does your profile image look? Estimating intelligence from
  social network profile images",Xingjie Wei,2016-06-29T20:03:55Z,-,,,arXiv,http://arxiv.org/abs/1606.09264v3
10/02/2018,"An Integrated Optimization + Learning Approach to Optimal Dynamic
  Pricing for the Retailer with Multi-type Customers in Smart Grids",Fanlin Meng,2016-12-18T18:44:49Z,-,,,arXiv,http://arxiv.org/abs/1612.05971v2
10/02/2018,A Time Series Based Sequence Prediction Algorithm to Detect Activities of Daily Living in Smart Home,Mohammad Marufuzzaman,Jan 2015,Article,,,ResearchGate,https://www.researchgate.net/publication/271333299_A_Time_Series_Based_Sequence_Prediction_Algorithm_to_Detect_Activities_of_Daily_Living_in_Smart_Home?_iepl%5BgeneralViewId%5D=YQZWEQPe4YAuAN1ntHw4KLcXcJGRwZ1Eztzq&_iepl%5Bcontexts%5D%5B0%5D=searchReact&_iepl%5BviewId%5D=IDlNl4Vyl3nQ7giYvShhPkj1dMkru0GibMJ3&_iepl%5BsearchType%5D=publication&_iepl%5Bdata%5D%5BcountMoreThan20%5D=1&_iepl%5Bdata%5D%5BinteractedWithPosition18%5D=1&_iepl%5Bdata%5D%5BwithoutEnrichment%5D=1&_iepl%5Bposition%5D=18&_iepl%5BrgKey%5D=PB%3A271333299&_iepl%5BtargetEntityId%5D=PB%3A271333299&_iepl%5BinteractionType%5D=publicationCTA
10/02/2018,"Adaptive coordination of working-memory and reinforcement learning in
  non-human primates performing a trial-and-error problem solving task",Guillaume Viejo,2017-11-02T11:53:54Z,-,,,arXiv,http://arxiv.org/abs/1711.00698v1
10/02/2018,A Study of Vision based Human Motion Recognition and Analysis,Geetanjali Vinayak Kale,2016-08-24T09:23:14Z,-,,,arXiv,http://arxiv.org/abs/1608.06761v1
10/02/2018,RFID Localisation For Internet Of Things Smart Homes: A Survey,Belal Alsinglawi,2017-02-08T07:40:39Z,-,,,arXiv,http://arxiv.org/abs/1702.02311v1
10/02/2018,System Design of Internet-of-Things for Residential Smart Grid,Sanjana Kadaba Viswanath,2016-04-14T01:38:19Z,-,,,arXiv,http://arxiv.org/abs/1604.04009v1
10/02/2018,A Cooperative Learning Framework for Mobility-Aware Resource Management in Multi-Inhabitant Smart Homes.,Nirmalya Roy,Jan 2005,Conference Paper,,,ResearchGate,https://www.researchgate.net/publication/220788629_A_Cooperative_Learning_Framework_for_Mobility-Aware_Resource_Management_in_Multi-Inhabitant_Smart_Homes?_iepl%5BgeneralViewId%5D=YQZWEQPe4YAuAN1ntHw4KLcXcJGRwZ1Eztzq&_iepl%5Bcontexts%5D%5B0%5D=searchReact&_iepl%5BviewId%5D=IDlNl4Vyl3nQ7giYvShhPkj1dMkru0GibMJ3&_iepl%5BsearchType%5D=publication&_iepl%5Bdata%5D%5BcountMoreThan20%5D=1&_iepl%5Bdata%5D%5BinteractedWithPosition20plus%5D=1&_iepl%5Bdata%5D%5BwithoutEnrichment%5D=1&_iepl%5Bposition%5D=24&_iepl%5BrgKey%5D=PB%3A220788629&_iepl%5BtargetEntityId%5D=PB%3A220788629&_iepl%5BinteractionType%5D=publicationCTA
10/02/2018,Android based security and home automation system,Sadeque Reza Khan,2015-03-28T06:06:55Z,-,,,arXiv,http://arxiv.org/abs/1504.03564v1
10/02/2018,"Closing the Blinds: Four Strategies for Protecting Smart Home Privacy
  from Network Observers",Noah Apthorpe,2017-05-18T21:38:13Z,-,,,arXiv,http://arxiv.org/abs/1705.06809v1
10/02/2018,Imitating Driver Behavior with Generative Adversarial Networks,Alex Kuefler,2017-01-24T00:59:42Z,-,,,arXiv,http://arxiv.org/abs/1701.06699v1
10/02/2018,"Generating Time-Based Label Refinements to Discover More Precise Process
  Models",Niek Tax,2017-05-25T21:01:20Z,-,,,arXiv,http://arxiv.org/abs/1705.09359v2
10/02/2018,Prediction of Mobility Entropy in an Ambient Intelligent Environment,Saisakul Chernbumroong,Dec 2014,Conference Paper,,,ResearchGate,https://www.researchgate.net/publication/273118941_Prediction_of_Mobility_Entropy_in_an_Ambient_Intelligent_Environment?_iepl%5BgeneralViewId%5D=YQZWEQPe4YAuAN1ntHw4KLcXcJGRwZ1Eztzq&_iepl%5Bcontexts%5D%5B0%5D=searchReact&_iepl%5BviewId%5D=IDlNl4Vyl3nQ7giYvShhPkj1dMkru0GibMJ3&_iepl%5BsearchType%5D=publication&_iepl%5Bdata%5D%5BcountMoreThan20%5D=1&_iepl%5Bdata%5D%5BinteractedWithPosition20plus%5D=1&_iepl%5Bdata%5D%5BwithEnrichment%5D=1&_iepl%5Bposition%5D=45&_iepl%5BrgKey%5D=PB%3A273118941&_iepl%5BtargetEntityId%5D=PB%3A273118941&_iepl%5BinteractionType%5D=publicationCTA
10/02/2018,Deducing Behavioural Patterns of Elderly People to Improve Smart Home Services,Hyunsoo Lee,Feb 2012,Conference Paper,,,ResearchGate,https://www.researchgate.net/publication/267556509_Deducing_Behavioural_Patterns_of_Elderly_People_to_Improve_Smart_Home_Services?_iepl%5BgeneralViewId%5D=YQZWEQPe4YAuAN1ntHw4KLcXcJGRwZ1Eztzq&_iepl%5Bcontexts%5D%5B0%5D=searchReact&_iepl%5BviewId%5D=IDlNl4Vyl3nQ7giYvShhPkj1dMkru0GibMJ3&_iepl%5BsearchType%5D=publication&_iepl%5Bdata%5D%5BcountMoreThan20%5D=1&_iepl%5Bdata%5D%5BinteractedWithPosition13%5D=1&_iepl%5Bdata%5D%5BwithoutEnrichment%5D=1&_iepl%5Bposition%5D=13&_iepl%5BrgKey%5D=PB%3A267556509&_iepl%5BtargetEntityId%5D=PB%3A267556509&_iepl%5BinteractionType%5D=publicationCTA
10/02/2018,A user profile based access control model and architecture,Meriem Zerkouk,2013-02-07T08:14:24Z,-,,,arXiv,http://arxiv.org/abs/1302.1667v2
10/02/2018,"Predicting proximity with ambient mobile sensors for non-invasive health
  diagnostics",Sylvester Olubolu Orimaye,2015-12-10T03:54:17Z,-,,,arXiv,http://arxiv.org/abs/1512.03423v1
10/02/2018,"Using Feature Models for Distributed Deployment in Extended Smart Home
  Architecture",Amal Tahri,2015-07-29T07:02:16Z,-,,,arXiv,http://arxiv.org/abs/1507.08037v1
10/02/2018,"Faith in the Algorithm, Part 1: Beyond the Turing Test",Marko A. Rodriguez,2009-03-02T02:01:40Z,-,,,arXiv,http://arxiv.org/abs/0903.0200v1
10/02/2018,"An ROS-based Shared Communication Middleware for Plug & Play Modular
  Intelligent Design of Smart Systems",Tathagata Chakraborti,2017-06-04T19:23:10Z,-,,,arXiv,http://arxiv.org/abs/1706.01133v1
10/02/2018,Duration discretisation for activity recognition,Priyanka Chaurasia,Jul 2012,Article,,,ResearchGate,https://www.researchgate.net/publication/262173333_Duration_discretisation_for_activity_recognition?_iepl%5BgeneralViewId%5D=YQZWEQPe4YAuAN1ntHw4KLcXcJGRwZ1Eztzq&_iepl%5Bcontexts%5D%5B0%5D=searchReact&_iepl%5BviewId%5D=IDlNl4Vyl3nQ7giYvShhPkj1dMkru0GibMJ3&_iepl%5BsearchType%5D=publication&_iepl%5Bdata%5D%5BcountMoreThan20%5D=1&_iepl%5Bdata%5D%5BinteractedWithPosition20plus%5D=1&_iepl%5Bdata%5D%5BwithEnrichment%5D=1&_iepl%5Bposition%5D=51&_iepl%5BrgKey%5D=PB%3A262173333&_iepl%5BtargetEntityId%5D=PB%3A262173333&_iepl%5BinteractionType%5D=publicationCTA
10/02/2018,Prediction of Humans' Activity for Learning the Behaviors of Electrical Appliances in an Intelligent Ambient Environment,Javier Gil Quijano,Aug 2010,Conference Paper,,,ResearchGate,https://www.researchgate.net/publication/221155805_Prediction_of_Humans%27_Activity_for_Learning_the_Behaviors_of_Electrical_Appliances_in_an_Intelligent_Ambient_Environment?_iepl%5BgeneralViewId%5D=YQZWEQPe4YAuAN1ntHw4KLcXcJGRwZ1Eztzq&_iepl%5Bcontexts%5D%5B0%5D=searchReact&_iepl%5BviewId%5D=IDlNl4Vyl3nQ7giYvShhPkj1dMkru0GibMJ3&_iepl%5BsearchType%5D=publication&_iepl%5Bdata%5D%5BcountMoreThan20%5D=1&_iepl%5Bdata%5D%5BinteractedWithPosition20plus%5D=1&_iepl%5Bdata%5D%5BwithoutEnrichment%5D=1&_iepl%5Bposition%5D=39&_iepl%5BrgKey%5D=PB%3A221155805&_iepl%5BtargetEntityId%5D=PB%3A221155805&_iepl%5BinteractionType%5D=publicationCTA
10/02/2018,Inferring Networked Device Categories from Low-Level Activity Indicators,Kyumars Sheykh Esmaili,2017-09-01T14:47:23Z,-,,,arXiv,http://arxiv.org/abs/1709.00348v1
10/02/2018,Unsupervised Mining of Activities for Smart Home Prediction,Jérémy Lapalu,Jun 2013,Conference Paper,,,ResearchGate,https://www.researchgate.net/publication/235708618_Unsupervised_Mining_of_Activities_for_Smart_Home_Prediction?_iepl%5BgeneralViewId%5D=YQZWEQPe4YAuAN1ntHw4KLcXcJGRwZ1Eztzq&_iepl%5Bcontexts%5D%5B0%5D=searchReact&_iepl%5BviewId%5D=IDlNl4Vyl3nQ7giYvShhPkj1dMkru0GibMJ3&_iepl%5BsearchType%5D=publication&_iepl%5Bdata%5D%5BcountMoreThan20%5D=1&_iepl%5Bdata%5D%5BinteractedWithPosition4%5D=1&_iepl%5Bdata%5D%5BwithoutEnrichment%5D=1&_iepl%5Bposition%5D=4&_iepl%5BrgKey%5D=PB%3A235708618&_iepl%5BtargetEntityId%5D=PB%3A235708618&_iepl%5BinteractionType%5D=publicationCTA
10/02/2018,"Building the Web of Knowledge with Smart IoT Applications (Extended
  Version)",Amelie Gyrard,2016-06-26T02:30:36Z,-,,,arXiv,http://arxiv.org/abs/1606.07988v1
10/02/2018,Classification method for prediction of human activity using stereo camera,Rendy Alfuadi,Aug 2016,Conference Paper,,,ResearchGate,https://www.researchgate.net/publication/314667450_Classification_method_for_prediction_of_human_activity_using_stereo_camera?_iepl%5BgeneralViewId%5D=YQZWEQPe4YAuAN1ntHw4KLcXcJGRwZ1Eztzq&_iepl%5Bcontexts%5D%5B0%5D=searchReact&_iepl%5BviewId%5D=IDlNl4Vyl3nQ7giYvShhPkj1dMkru0GibMJ3&_iepl%5BsearchType%5D=publication&_iepl%5Bdata%5D%5BcountMoreThan20%5D=1&_iepl%5Bdata%5D%5BinteractedWithPosition20plus%5D=1&_iepl%5Bdata%5D%5BwithoutEnrichment%5D=1&_iepl%5Bposition%5D=34&_iepl%5BrgKey%5D=PB%3A314667450&_iepl%5BtargetEntityId%5D=PB%3A314667450&_iepl%5BinteractionType%5D=publicationCTA
10/02/2018,Levels of Abstraction for Behavior Modeling in the GerHome Project,Laura Pomponio,Sep 2012,Article,,,ResearchGate,https://www.researchgate.net/publication/267764175_Levels_of_Abstraction_for_Behavior_Modeling_in_the_GerHome_Project?_iepl%5BgeneralViewId%5D=YQZWEQPe4YAuAN1ntHw4KLcXcJGRwZ1Eztzq&_iepl%5Bcontexts%5D%5B0%5D=searchReact&_iepl%5BviewId%5D=IDlNl4Vyl3nQ7giYvShhPkj1dMkru0GibMJ3&_iepl%5BsearchType%5D=publication&_iepl%5Bdata%5D%5BcountMoreThan20%5D=1&_iepl%5Bdata%5D%5BinteractedWithPosition20plus%5D=1&_iepl%5Bdata%5D%5BwithEnrichment%5D=1&_iepl%5Bposition%5D=53&_iepl%5BrgKey%5D=PB%3A267764175&_iepl%5BtargetEntityId%5D=PB%3A267764175&_iepl%5BinteractionType%5D=publicationCTA
10/02/2018,Unobtrusive anomaly detection in presence of elderly in a smart-home environment,Marek Novak,May 2012,Conference Paper,,,ResearchGate,https://www.researchgate.net/publication/261274001_Unobtrusive_anomaly_detection_in_presence_of_elderly_in_a_smart-home_environment?_iepl%5BgeneralViewId%5D=YQZWEQPe4YAuAN1ntHw4KLcXcJGRwZ1Eztzq&_iepl%5Bcontexts%5D%5B0%5D=searchReact&_iepl%5BviewId%5D=IDlNl4Vyl3nQ7giYvShhPkj1dMkru0GibMJ3&_iepl%5BsearchType%5D=publication&_iepl%5Bdata%5D%5BcountMoreThan20%5D=1&_iepl%5Bdata%5D%5BinteractedWithPosition19%5D=1&_iepl%5Bdata%5D%5BwithoutEnrichment%5D=1&_iepl%5Bposition%5D=19&_iepl%5BrgKey%5D=PB%3A261274001&_iepl%5BtargetEntityId%5D=PB%3A261274001&_iepl%5BinteractionType%5D=publicationCTA
10/02/2018,"Mining Process Model Descriptions of Daily Life through Event
  Abstraction",Niek Tax,2017-05-25T20:32:56Z,-,,,arXiv,http://arxiv.org/abs/1705.10202v1
10/02/2018,"Affect Control Processes: Intelligent Affective Interaction using a
  Partially Observable Markov Decision Process",Jesse Hoey,2013-06-22T01:02:03Z,-,,,arXiv,http://arxiv.org/abs/1306.5279v2
10/02/2018,Emotions in Pervasive Computing Environments,Nevin Vunka Jungum,2009-12-09T17:32:25Z,-,,,arXiv,http://arxiv.org/abs/0912.1810v1
10/02/2018,"Evolution towards Smart Optical Networking: Where Artificial
  Intelligence (AI) meets the World of Photonics",Admela Jukan,2017-07-27T20:16:32Z,-,,,arXiv,http://arxiv.org/abs/1707.09032v1
10/02/2018,"A Scenario-Based Mobile Application for Robot-Assisted Smart Digital
  Homes",Ali Reza Manashty,2010-09-27T20:58:05Z,-,,,arXiv,http://arxiv.org/abs/1009.5398v1
10/02/2018,Proactive Data Download and User Demand Shaping for Data Networks,John Tadrous,2013-04-21T15:02:21Z,-,,,arXiv,http://arxiv.org/abs/1304.5745v2
10/02/2018,"Proceedings of the 8th Workshop on Semantic Ambient Media Experiences
  (SAME 2016): Smart Cities for Better Living with HCI and UX (SEACHI),
  International Series on Information Systems and Management in Creative eMedia
  (CreMedia)",Eunice Sari,2017-07-27T17:40:01Z,-,,,arXiv,http://arxiv.org/abs/1707.08949v2
10/02/2018,Cognitive Internet of Things: A New Paradigm beyond Connection,Qihui Wu,2014-03-11T08:34:31Z,-,,,arXiv,http://arxiv.org/abs/1403.2498v1
10/02/2018,"IoFClime: The fuzzy logic and the Internet of Things to control indoor
  temperature regarding the outdoor ambient conditions",Daniel Meana-Llorián,2017-01-10T12:15:59Z,-,,,arXiv,http://arxiv.org/abs/1701.02545v1
10/02/2018,Elderly Living Independently with Ambient Intelligence. The elderly lifestyle prediction solution for future smart homes,Victor Fernandez Pallares,Oct 2013,Conference Paper,,,ResearchGate,https://www.researchgate.net/publication/258107324_Elderly_Living_Independently_with_Ambient_Intelligence_The_elderly_lifestyle_prediction_solution_for_future_smart_homes?_iepl%5BgeneralViewId%5D=YQZWEQPe4YAuAN1ntHw4KLcXcJGRwZ1Eztzq&_iepl%5Bcontexts%5D%5B0%5D=searchReact&_iepl%5BviewId%5D=IDlNl4Vyl3nQ7giYvShhPkj1dMkru0GibMJ3&_iepl%5BsearchType%5D=publication&_iepl%5Bdata%5D%5BcountMoreThan20%5D=1&_iepl%5Bdata%5D%5BinteractedWithPosition20plus%5D=1&_iepl%5Bdata%5D%5BwithoutEnrichment%5D=1&_iepl%5Bposition%5D=22&_iepl%5BrgKey%5D=PB%3A258107324&_iepl%5BtargetEntityId%5D=PB%3A258107324&_iepl%5BinteractionType%5D=publicationCTA
10/02/2018,"Online Energy Management for a Sustainable Smart Home with an HVAC Load
  and Random Occupancy",Liang Yu,2017-06-09T04:33:12Z,-,,,arXiv,http://arxiv.org/abs/1706.02831v3
10/02/2018,Financial Analysis of Automobile Industry,M.Kavya,2018-02-10,article,,,Zenodo,https://zenodo.org/record/1170601
10/02/2018,Assessment of Consciousness Energy Healing Treatment on Immune Biomarkers After Oral Administration of Herbomineral Formulation in Sprague Dawley Male Rats,"Trivedi, Mahendra Kumar",2017-12-11,article,,,Zenodo,https://zenodo.org/record/1170585
Searched,Title,Authors,Published,Type,Include?,Exclusion code,Database,Source
10/02/2018,"Protocol Requirements for Self-organizing Artifacts: Towards an Ambient
  Intelligence",Carlos Gershenson,2004-04-01T16:14:54Z,-,,,arXiv,http://arxiv.org/abs/nlin/0404004v2
10/02/2018,"Probabilistic Model Checking for Complex Cognitive Tasks -- A case study
  in human-robot interaction",Sebastian Junges,2016-10-28T21:37:14Z,-,,,arXiv,http://arxiv.org/abs/1610.09409v1
10/02/2018,"Coupling Top-down and Bottom-up Methods for 3D Human Pose and Shape
  Estimation from Monocular Image Sequences",Atul Kanaujia,2014-10-01T06:19:05Z,-,,,arXiv,http://arxiv.org/abs/1410.0117v2
10/02/2018,"Nothing Else Matters: Model-Agnostic Explanations By Identifying
  Prediction Invariance",Marco Tulio Ribeiro,2016-11-17T19:07:00Z,-,,,arXiv,http://arxiv.org/abs/1611.05817v1
10/02/2018,Dashbell: A Low-cost Smart Doorbell System for Home Use,Bradley Quadros,2017-06-16T23:26:03Z,-,,,arXiv,http://arxiv.org/abs/1706.09269v1
10/02/2018,Human behavior prediction for smart homes using deep learning,Sungjoon Choi,Aug 2013,Conference Paper,,,ResearchGate,https://www.researchgate.net/publication/261344882_Human_behavior_prediction_for_smart_homes_using_deep_learning?_iepl%5BgeneralViewId%5D=YQZWEQPe4YAuAN1ntHw4KLcXcJGRwZ1Eztzq&_iepl%5Bcontexts%5D%5B0%5D=searchReact&_iepl%5BviewId%5D=IDlNl4Vyl3nQ7giYvShhPkj1dMkru0GibMJ3&_iepl%5BsearchType%5D=publication&_iepl%5Bdata%5D%5BcountMoreThan20%5D=1&_iepl%5Bdata%5D%5BinteractedWithPosition9%5D=1&_iepl%5Bdata%5D%5BwithoutEnrichment%5D=1&_iepl%5Bposition%5D=9&_iepl%5BrgKey%5D=PB%3A261344882&_iepl%5BtargetEntityId%5D=PB%3A261344882&_iepl%5BinteractionType%5D=publicationCTA
10/02/2018,"Learning Periodic Human Behaviour Models from Sparse Data for
  Crowdsourcing Aid Delivery in Developing Countries",James McInerney,2013-09-26T12:44:36Z,-,,,arXiv,http://arxiv.org/abs/1309.6846v1
10/02/2018,Privacy in Information-Rich Intelligent Infrastructure,Cynthia Dwork,2017-06-06T21:16:32Z,-,,,arXiv,http://arxiv.org/abs/1706.01985v1
10/02/2018,"A Realistic Dataset for the Smart Home Device Scheduling Problem for
  DCOPs",William Kluegel,2017-02-22T19:10:30Z,-,,,arXiv,http://arxiv.org/abs/1702.06970v1
10/02/2018,Impossibility of deducing preferences and rationality from human policy,Stuart Armstrong,2017-12-15T19:05:01Z,-,,,arXiv,http://arxiv.org/abs/1712.05812v2
10/02/2018,"Mechanistic home range models and resource selection analysis: a
  reconciliation and unification",P. R. Moorcroft,2006-12-05T19:25:18Z,-,,,arXiv,http://arxiv.org/abs/q-bio/0612008v1
10/02/2018,Forecasting behavior in smart homes based on sleep and wake patterns,Jennifer A. Williams,Sep 2016,Article,,,ResearchGate,https://www.researchgate.net/publication/308703253_Forecasting_behavior_in_smart_homes_based_on_sleep_and_wake_patterns?_iepl%5BgeneralViewId%5D=YQZWEQPe4YAuAN1ntHw4KLcXcJGRwZ1Eztzq&_iepl%5Bcontexts%5D%5B0%5D=searchReact&_iepl%5BviewId%5D=IDlNl4Vyl3nQ7giYvShhPkj1dMkru0GibMJ3&_iepl%5BsearchType%5D=publication&_iepl%5Bdata%5D%5BcountMoreThan20%5D=1&_iepl%5Bdata%5D%5BinteractedWithPosition1%5D=1&_iepl%5Bdata%5D%5BwithoutEnrichment%5D=1&_iepl%5Bposition%5D=1&_iepl%5BrgKey%5D=PB%3A308703253&_iepl%5BtargetEntityId%5D=PB%3A308703253&_iepl%5BinteractionType%5D=publicationCTA
10/02/2018,Learning under uncertainty in smart home environments,Shuai Zhang,Feb 2008,Article,,,ResearchGate,https://www.researchgate.net/publication/23932274_Learning_under_uncertainty_in_smart_home_environments?_iepl%5BgeneralViewId%5D=YQZWEQPe4YAuAN1ntHw4KLcXcJGRwZ1Eztzq&_iepl%5Bcontexts%5D%5B0%5D=searchReact&_iepl%5BviewId%5D=IDlNl4Vyl3nQ7giYvShhPkj1dMkru0GibMJ3&_iepl%5BsearchType%5D=publication&_iepl%5Bdata%5D%5BcountMoreThan20%5D=1&_iepl%5Bdata%5D%5BinteractedWithPosition6%5D=1&_iepl%5Bdata%5D%5BwithoutEnrichment%5D=1&_iepl%5Bposition%5D=6&_iepl%5BrgKey%5D=PB%3A23932274&_iepl%5BtargetEntityId%5D=PB%3A23932274&_iepl%5BinteractionType%5D=publicationCTA
10/02/2018,Reasoning for Improved Sensor Data Interpretation in a Smart Home,Marjan Alirezaie,2014-12-26T17:38:19Z,-,,,arXiv,http://arxiv.org/abs/1412.7961v1
